{"cameraMode":{"drawMode":0,"name":"Shaded","section":"Shading Mode"},"sceneLighting":true,"audioPlay":false,"sceneViewState":{"showFog":true,"showMaterialUpdate":false,"showSkybox":false,"showFlares":true,"showImageEffects":true,"showParticleSystems":true,"showVisualEffectGraphs":true},"in2DMode":false,"pivot":{"x":-3150.53857421875,"y":1646.603271484375,"z":1034.86181640625},"rotation":{"x":0.12368940562009812,"y":0.2725324332714081,"z":-0.03535304218530655,"w":0.9535081386566162},"size":11.056275367736817,"orthographic":false}