{"cameraMode":{"drawMode":0,"name":"Shaded","section":"Shading Mode"},"sceneLighting":true,"audioPlay":false,"sceneViewState":{"showFog":true,"showMaterialUpdate":false,"showSkybox":false,"showFlares":true,"showImageEffects":true,"showParticleSystems":true,"showVisualEffectGraphs":true},"in2DMode":false,"pivot":{"x":-2.374591112136841,"y":1.8066320419311524,"z":6.245536804199219},"rotation":{"x":0.18144816160202027,"y":0.07514922320842743,"z":-0.013907884247601033,"w":0.9804264903068543},"size":25.9708251953125,"orthographic":false}