{"cameraMode":{"drawMode":0,"name":"Shaded","section":"Shading Mode"},"sceneLighting":true,"audioPlay":false,"sceneViewState":{"showFog":true,"showMaterialUpdate":false,"showSkybox":false,"showFlares":true,"showImageEffects":true,"showParticleSystems":true,"showVisualEffectGraphs":true},"in2DMode":false,"pivot":{"x":0.25563669204711916,"y":0.42642641067504885,"z":-1.0081782341003419},"rotation":{"x":-0.10353246331214905,"y":-0.6429093480110169,"z":0.08830583095550537,"w":-0.7537623643875122},"size":4.004705429077148,"orthographic":false}