{"cameraMode":{"drawMode":0,"name":"Shaded","section":"Shading Mode"},"sceneLighting":false,"audioPlay":false,"sceneViewState":{"showFog":true,"showMaterialUpdate":false,"showSkybox":false,"showFlares":true,"showImageEffects":true,"showParticleSystems":true,"showVisualEffectGraphs":true},"in2DMode":false,"pivot":{"x":0.9255194067955017,"y":0.7753298282623291,"z":0.18477153778076173},"rotation":{"x":-1.224459422743962e-9,"y":-0.01889674924314022,"z":-1.4043081142389724e-9,"w":0.9998220801353455},"size":15.163394927978516,"orthographic":false}